{"BillID": "20230103234449", "BillDate": "10/06/2008 05:03:10", "StoreID": 2, "BillDetails": [{"ProductID": 23, "Quantity": 15}, {"ProductID": 8, "Quantity": 4}, {"ProductID": 19, "Quantity": 14}, "ProductID": 17, "Quantity": 19}, {"ProductID": 16, "Quantity": 6}, {"ProductID": 25, "Quantity": 19}, {"ProductID": 1, "Quantity": 11}, {"ProductID": 20, "Quantity": 10}, {"ProductID": 24, "Quantity": 14}, {"ProductID": 4, "Quantity": 7}, {"ProductID": 3, "Quantity": 8}, {"ProductID": 7, "Quantity": 18}, {"ProductID": 10, "Quantity": 12}, {"ProductID": 2, "Quantity": 10}, {"ProductID": 12, "Quantity": 1}, {"ProductID": 15, "Quantity": 5}, {"ProductID": 5, "Quantity": 6}, {"ProductID": 6, "Quantity": 4}, {"ProductID": 9, "Quantity": 12}, {"ProductID": 14, "Quantity": 5}]}