{"BillID": "20230103234443", "BillDate": "10/20/2008 13:39:58", "StoreID": 1, "BillDetails": [{"ProductID": 114, "Quantity": 14}, {"ProductID": 4, "Quantity": 16}, {"ProductID": 5, "Quantity": 7}, {"ProductID": 24, "Quantity": 11}, {"ProductID": 22, "Quantity": 5}, {"ProductID": 1, "Quantity": 7}, {"ProductID": 17, "Quantity": 2}, {"ProductID": 6, "Quantity": 10}, {"ProductID": 10, "Quantity": 16}, {"ProductID": 12, "Quantity": 15}, {"ProductID": 13, "Quantity": 5}, {"ProductID": 8, "Quantity": 20}, {"ProductID": 7, "Quantity": 14}, {"ProductID": 9, "Quantity": 19}, {"ProductID": 11, "Quantity": 15}]}